{"cameraMode":{"drawMode":0,"name":"Shaded","section":"Shading Mode"},"sceneLighting":true,"audioPlay":false,"sceneViewState":{"m_AlwaysRefresh":false,"showFog":true,"showSkybox":true,"showFlares":true,"showImageEffects":true,"showParticleSystems":true,"showVisualEffectGraphs":true,"m_FxEnabled":true},"in2DMode":false,"pivot":{"x":-0.9427629113197327,"y":7.527015209197998,"z":-19.48871612548828},"rotation":{"x":0.010181199759244919,"y":-0.0413891039788723,"z":-0.0004236212989781052,"w":-0.9991018176078796},"size":5.639852523803711,"orthographic":false}